kecamatan,kabupaten,provinsi,kecepatan_final,kategori_v2,indeks_kesenjangan_final,populasi_worldpop,alasan_urgensi,GID_3,kota_terdekat,jarak_kota_km,rata_rata_provinsi,persen_dibawah_provinsi,kecepatan_min,kecepatan_max,alasan_model,tetangga_baik_nama,tetangga_baik_kecepatan,tetangga_baik_jarak_km
Segun,Sorong,Papua Barat,1239.142857142857,Cukup,0.7402939874949713,4924.28271484375,Akses jalan sangat minim (lebih sedikit dari 95% kecamatan lain) dan aktivitas ekonomi dan kelistrikan minim (cahaya malam lebih redup dari 93% kecamatan lain) — memengaruhi sekitar 4.924 jiwa penduduk kecamatan ini.,IDN.22.8.19_1,Manado,790,21453.0,94,0,4714,Model menyimpulkan aktivitas ekonomi minim adalah faktor paling berpengaruh menekan kecepatan di kecamatan ini.,Salawati,33478,28
Liukang Kalukalukuang Mas,Pangkajene Dan Kepulauan,Sulawesi Selatan,1622.2727272727273,Cukup,0.7368602819349483,6265.71826171875,Aktivitas ekonomi dan kelistrikan minim (cahaya malam lebih redup dari 100% kecamatan lain) dan akses jalan sangat minim (lebih sedikit dari 100% kecamatan lain) — memengaruhi sekitar 6.266 jiwa penduduk kecamatan ini.,IDN.26.15.4_1,Makassar,173,25927.0,94,0,5097,Model menyimpulkan aktivitas ekonomi minim adalah faktor paling berpengaruh menekan kecepatan di kecamatan ini.,Mappakasunggu,25288,160
Bokondini,Tolikara,Papua,1865.253333333333,Cukup,0.7346826290734649,43643.28125,Aktivitas ekonomi dan kelistrikan minim (cahaya malam lebih redup dari 99% kecamatan lain) dan medan pegunungan tinggi (lebih tinggi dari 98% kecamatan lain) — memengaruhi sekitar 43.643 jiwa penduduk kecamatan ini.,IDN.23.26.3_1,Jayapura,255,24331.0,92,0,5340,Model menyimpulkan aktivitas ekonomi minim adalah faktor paling berpengaruh menekan kecepatan di kecamatan ini.,Wunin,78152,12
Babar Timur,Maluku Barat Daya,Maluku,1893.89870967742,Cukup,0.7344259020581887,11030.0009765625,Aktivitas ekonomi dan kelistrikan minim (cahaya malam lebih redup dari 99% kecamatan lain) dan populasi sangat jarang (lebih sepi dari 73% kecamatan indonesia) — memengaruhi sekitar 11.030 jiwa penduduk kecamatan ini.,IDN.19.5.1_1,Manado,1180,20715.0,91,0,5369,Model menyimpulkan aktivitas ekonomi minim adalah faktor paling berpengaruh menekan kecepatan di kecamatan ini.,Selaru,31999,134
Liukang Tangaya,Pangkajene Dan Kepulauan,Sulawesi Selatan,1916.030303030303,Cukup,0.7342275531925099,8036.88720703125,Aktivitas ekonomi dan kelistrikan minim (cahaya malam lebih redup dari 100% kecamatan lain) dan akses jalan sangat minim (lebih sedikit dari 98% kecamatan lain) — memengaruhi sekitar 8.037 jiwa penduduk kecamatan ini.,IDN.26.15.5_1,Makassar,259,25927.0,93,0,5391,Model menyimpulkan aktivitas ekonomi minim adalah faktor paling berpengaruh menekan kecepatan di kecamatan ini.,Sanggar,27331,133
Kokoda,Sorong Selatan,Papua Barat,1955.5833333333333,Cukup,0.733873069058915,5355.234375,Akses jalan sangat minim (lebih sedikit dari 98% kecamatan lain) dan aktivitas ekonomi dan kelistrikan minim (cahaya malam lebih redup dari 90% kecamatan lain) — memengaruhi sekitar 5.355 jiwa penduduk kecamatan ini.,IDN.22.7.5_1,Jayapura,927,21453.0,91,0,5431,Model menyimpulkan aktivitas ekonomi minim adalah faktor paling berpengaruh menekan kecepatan di kecamatan ini.,Kokoda Utara,48912,19
Haju,Mappi,Papua,1976.2666666666664,Cukup,0.7336876998611482,1973.24365234375,Populasi sangat jarang (lebih sepi dari 93% kecamatan indonesia) dan aktivitas ekonomi dan kelistrikan minim (cahaya malam lebih redup dari 91% kecamatan lain) — memengaruhi sekitar 1.973 jiwa penduduk kecamatan ini.,IDN.23.15.4_1,Jayapura,452,24331.0,92,0,5451,Model menyimpulkan aktivitas ekonomi minim adalah faktor paling berpengaruh menekan kecepatan di kecamatan ini.,Minyamur,24306,43
Kimaam,Merauke,Papua,2006.2,Cukup,0.7334194298537435,3827.849365234375,Populasi sangat jarang (lebih sepi dari 89% kecamatan indonesia) dan aktivitas ekonomi dan kelistrikan minim (cahaya malam lebih redup dari 85% kecamatan lain) — memengaruhi sekitar 3.828 jiwa penduduk kecamatan ini.,IDN.23.16.6_1,Jayapura,645,24331.0,92,0,5481,Model menyimpulkan aktivitas ekonomi minim adalah faktor paling berpengaruh menekan kecepatan di kecamatan ini.,Waan,27384,79
Tanimbar Utara,Maluku Tenggara Barat,Maluku,2085.347222222222,Cukup,0.7327100926858722,7373.5107421875,Aktivitas ekonomi dan kelistrikan minim (cahaya malam lebih redup dari 96% kecamatan lain) dan populasi sangat jarang (lebih sepi dari 81% kecamatan indonesia) — memengaruhi sekitar 7.374 jiwa penduduk kecamatan ini.,IDN.19.7.5_1,Jayapura,1123,20715.0,90,0,5560,Model menyimpulkan aktivitas ekonomi minim adalah faktor paling berpengaruh menekan kecepatan di kecamatan ini.,Kormomolin,31566,52
Citakmitak,Mappi,Papua,2133.4761904761904,Cukup,0.7322787488550303,4967.86279296875,Akses jalan sangat minim (lebih sedikit dari 97% kecamatan lain) dan aktivitas ekonomi dan kelistrikan minim (cahaya malam lebih redup dari 91% kecamatan lain) — memengaruhi sekitar 4.968 jiwa penduduk kecamatan ini.,IDN.23.15.2_1,Jayapura,393,24331.0,91,0,5609,Model menyimpulkan aktivitas ekonomi minim adalah faktor paling berpengaruh menekan kecepatan di kecamatan ini.,Obaa,29710,73
Krayan,Nunukan,Kalimantan Utara,2232.9542857142856,Cukup,0.7313872013267633,21667.984375,Medan pegunungan tinggi (lebih tinggi dari 95% kecamatan lain) dan aktivitas ekonomi dan kelistrikan minim (cahaya malam lebih redup dari 93% kecamatan lain) — memengaruhi sekitar 21.668 jiwa penduduk kecamatan ini.,IDN.35.9.2,Balikpapan,599,17520.0,87,0,5708,Model menyimpulkan aktivitas ekonomi minim adalah faktor paling berpengaruh menekan kecepatan di kecamatan ini.,Mentarang,28164,92
Waropko,Boven Digoel,Papua,2253.09375,Cukup,0.7312067064192002,0.0,Populasi sangat jarang (lebih sepi dari 99% kecamatan indonesia) dan aktivitas ekonomi dan kelistrikan minim (cahaya malam lebih redup dari 89% kecamatan lain) — memengaruhi sekitar 0 jiwa penduduk kecamatan ini.,IDN.23.3.19_1,Jayapura,332,24331.0,91,0,5728,Model menyimpulkan populasi rendah adalah faktor paling berpengaruh menekan kecepatan di kecamatan ini.,Tarup,44470,36
Long Apari,Kutai Barat,Kalimantan Timur,2339.151515151515,Cukup,0.730435435240099,3415.8916015625,Populasi sangat jarang (lebih sepi dari 90% kecamatan indonesia) dan akses jalan sangat minim (lebih sedikit dari 89% kecamatan lain) — memengaruhi sekitar 3.416 jiwa penduduk kecamatan ini.,IDN.34.5.8_1,Balikpapan,382,21229.0,89,0,5814,Model menyimpulkan aktivitas ekonomi minim adalah faktor paling berpengaruh menekan kecepatan di kecamatan ini.,Mentebah,25005,157
Mdona Hiera,Maluku Barat Daya,Maluku,2427.156862745098,Cukup,0.7296467093408592,1946.005859375,Akses jalan sangat minim (lebih sedikit dari 98% kecamatan lain) dan aktivitas ekonomi dan kelistrikan minim (cahaya malam lebih redup dari 97% kecamatan lain) — memengaruhi sekitar 1.946 jiwa penduduk kecamatan ini.,IDN.19.5.4_1,Makassar,1107,20715.0,88,0,5902,Model menyimpulkan aktivitas ekonomi minim adalah faktor paling berpengaruh menekan kecepatan di kecamatan ini.,Selaru,31999,228
Orong Telu,Sumbawa,Nusa Tenggara Barat,2459.027777777778,Cukup,0.7293610742424691,1207.7347412109375,Populasi sangat jarang (lebih sepi dari 95% kecamatan indonesia) dan aktivitas ekonomi dan kelistrikan minim (cahaya malam lebih redup dari 75% kecamatan lain) — memengaruhi sekitar 1.208 jiwa penduduk kecamatan ini.,IDN.20.10.17_1,Denpasar,218,27179.0,91,0,5934,Model menyimpulkan populasi rendah adalah faktor paling berpengaruh menekan kecepatan di kecamatan ini.,Lunyuk,26658,19
Edera,Mappi,Papua,2698.345238095238,Cukup,0.7272162514077888,17241.333984375,Aktivitas ekonomi dan kelistrikan minim (cahaya malam lebih redup dari 95% kecamatan lain) — memengaruhi sekitar 17.241 jiwa penduduk kecamatan ini.,IDN.23.15.3_1,Jayapura,526,24331.0,89,0,6173,Model menyimpulkan aktivitas ekonomi minim adalah faktor paling berpengaruh menekan kecepatan di kecamatan ini.,Nambioman Bapai,35582,61
Wakate,Seram Bagian Timur,Maluku,2906.2619047619046,Cukup,0.7253528503262893,1305.790771484375,Aktivitas ekonomi dan kelistrikan minim (cahaya malam lebih redup dari 100% kecamatan lain) dan populasi sangat jarang (lebih sepi dari 95% kecamatan indonesia) — memengaruhi sekitar 1.306 jiwa penduduk kecamatan ini.,IDN.19.10.5_1,Manado,1014,20715.0,86,0,6381,Model menyimpulkan aktivitas ekonomi minim adalah faktor paling berpengaruh menekan kecepatan di kecamatan ini.,Pulau Dullah Utara,29335,165
Tiom,Lanny Jaya,Papua,3018.007341269841,Cukup,0.7243513598225224,42203.46484375,Medan pegunungan tinggi (lebih tinggi dari 100% kecamatan lain) dan aktivitas ekonomi dan kelistrikan minim (cahaya malam lebih redup dari 89% kecamatan lain) — memengaruhi sekitar 42.203 jiwa penduduk kecamatan ini.,IDN.23.12.9_1,Jayapura,310,24331.0,88,0,6493,Model menyimpulkan aktivitas ekonomi minim adalah faktor paling berpengaruh menekan kecepatan di kecamatan ini.,Malagaineri,28788,12
Saifi,Sorong Selatan,Papua Barat,3080.388888888889,Cukup,0.7237922808166758,2004.298583984375,Akses jalan sangat minim (lebih sedikit dari 94% kecamatan lain) dan populasi sangat jarang (lebih sepi dari 93% kecamatan indonesia) — memengaruhi sekitar 2.004 jiwa penduduk kecamatan ini.,IDN.22.7.9_1,Manado,843,21453.0,86,0,6555,Model menyimpulkan aktivitas ekonomi minim adalah faktor paling berpengaruh menekan kecepatan di kecamatan ini.,Seremuk,24499,14
Pp. Terselatan,Maluku Barat Daya,Maluku,3117.5793209876542,Cukup,0.7234589708781061,1956.6904296875,Aktivitas ekonomi dan kelistrikan minim (cahaya malam lebih redup dari 99% kecamatan lain) dan populasi sangat jarang (lebih sepi dari 93% kecamatan indonesia) — memengaruhi sekitar 1.957 jiwa penduduk kecamatan ini.,IDN.19.5.7_1,Makassar,926,20715.0,85,0,6593,Model menyimpulkan populasi rendah adalah faktor paling berpengaruh menekan kecepatan di kecamatan ini.,Alor Tengah Utara,29066,311
Akat,Asmat,Papua,3206.75,Cukup,0.7226598009877191,0.0,Populasi sangat jarang (lebih sepi dari 99% kecamatan indonesia) dan aktivitas ekonomi dan kelistrikan minim (cahaya malam lebih redup dari 94% kecamatan lain) — memengaruhi sekitar 0 jiwa penduduk kecamatan ini.,IDN.23.1.2_1,Jayapura,383,24331.0,87,0,6682,Model menyimpulkan populasi rendah adalah faktor paling berpengaruh menekan kecepatan di kecamatan ini.,Wosak,54321,99
Yaru,Maluku Tenggara Barat,Maluku,3246.2916666666665,Cukup,0.7223054186978707,177.81036376953125,Populasi sangat jarang (lebih sepi dari 98% kecamatan indonesia) dan aktivitas ekonomi dan kelistrikan minim (cahaya malam lebih redup dari 98% kecamatan lain) — memengaruhi sekitar 178 jiwa penduduk kecamatan ini.,IDN.19.7.9_1,Jayapura,1095,20715.0,84,0,6721,Model menyimpulkan populasi rendah adalah faktor paling berpengaruh menekan kecepatan di kecamatan ini.,Kormomolin,31566,79
Firiwage,Boven Digoel,Papua,3268.555555555555,Cukup,0.7221058841665652,616.0899047851562,Akses jalan sangat minim (lebih sedikit dari 99% kecamatan lain) dan populasi sangat jarang (lebih sepi dari 97% kecamatan indonesia) — memengaruhi sekitar 616 jiwa penduduk kecamatan ini.,IDN.23.3.4_1,Jayapura,320,24331.0,87,0,6744,Model menyimpulkan aktivitas ekonomi minim adalah faktor paling berpengaruh menekan kecepatan di kecamatan ini.,Awinbon,72847,38
Batulanteh,Sumbawa,Nusa Tenggara Barat,3294.922916666667,Cukup,0.7218695732926057,2919.450927734375,Populasi sangat jarang (lebih sepi dari 91% kecamatan indonesia) dan medan pegunungan tinggi (lebih tinggi dari 88% kecamatan lain) — memengaruhi sekitar 2.919 jiwa penduduk kecamatan ini.,IDN.20.10.3_1,Denpasar,221,27179.0,88,0,6770,Model menyimpulkan aktivitas ekonomi minim adalah faktor paling berpengaruh menekan kecepatan di kecamatan ini.,Buer,42863,20
Kepala Madan,Buru Selatan,Maluku,3317.663888888889,Cukup,0.7216657630213437,37518.15234375,Aktivitas ekonomi dan kelistrikan minim (cahaya malam lebih redup dari 91% kecamatan lain) dan medan pegunungan tinggi (lebih tinggi dari 84% kecamatan lain) — memengaruhi sekitar 37.518 jiwa penduduk kecamatan ini.,IDN.19.2.2_1,Manado,556,20715.0,84,0,6793,Model menyimpulkan akses jalan minim adalah faktor paling berpengaruh menekan kecepatan di kecamatan ini.,Air Buaya,24639,36
Pp. Babar,Maluku Barat Daya,Maluku,3367.7944444444443,Cukup,0.7212164804653274,16263.09765625,Aktivitas ekonomi dan kelistrikan minim (cahaya malam lebih redup dari 98% kecamatan lain) dan akses jalan sangat minim (lebih sedikit dari 72% kecamatan lain) — memengaruhi sekitar 16.263 jiwa penduduk kecamatan ini.,IDN.19.5.6_1,Manado,1166,20715.0,84,0,6843,Model menyimpulkan aktivitas ekonomi minim adalah faktor paling berpengaruh menekan kecepatan di kecamatan ini.,Selaru,31999,152
Ninati,Boven Digoel,Papua,3375.6666666666665,Cukup,0.7211459276441521,0.0,Populasi sangat jarang (lebih sepi dari 99% kecamatan indonesia) dan akses jalan sangat minim (lebih sedikit dari 93% kecamatan lain) — memengaruhi sekitar 0 jiwa penduduk kecamatan ini.,IDN.23.3.16_1,Jayapura,352,24331.0,86,0,6851,Model menyimpulkan populasi rendah adalah faktor paling berpengaruh menekan kecepatan di kecamatan ini.,Tarup,44470,56
Aru Selatan,Kepulauan Aru,Maluku,3397.763970588235,Cukup,0.7209478860889184,65644.921875,Aktivitas ekonomi dan kelistrikan minim (cahaya malam lebih redup dari 84% kecamatan lain) — memengaruhi sekitar 65.645 jiwa penduduk kecamatan ini.,IDN.19.4.2_1,Jayapura,849,20715.0,84,0,6873,Model menyimpulkan aktivitas ekonomi minim adalah faktor paling berpengaruh menekan kecepatan di kecamatan ini.,Aru Tengah,25497,46
Bolakme,Jayawijaya,Papua,3424.563333333333,Cukup,0.7207077035084484,3410.224609375,Medan pegunungan tinggi (lebih tinggi dari 99% kecamatan lain) dan populasi sangat jarang (lebih sepi dari 90% kecamatan indonesia) — memengaruhi sekitar 3.410 jiwa penduduk kecamatan ini.,IDN.23.8.3_1,Jayapura,266,24331.0,86,0,6900,Model menyimpulkan aktivitas ekonomi minim adalah faktor paling berpengaruh menekan kecepatan di kecamatan ini.,Makki,35822,18
Yaniruma,Boven Digoel,Papua,3442.152777777778,Cukup,0.7205500625154188,0.0,Populasi sangat jarang (lebih sepi dari 99% kecamatan indonesia) dan akses jalan sangat minim (lebih sedikit dari 95% kecamatan lain) — memengaruhi sekitar 0 jiwa penduduk kecamatan ini.,IDN.23.3.20_1,Jayapura,329,24331.0,86,0,6917,Model menyimpulkan populasi rendah adalah faktor paling berpengaruh menekan kecepatan di kecamatan ini.,Awinbon,72847,63
Ngguti,Merauke,Papua,3444.5,Cukup,0.7205290261237839,0.0,Populasi sangat jarang (lebih sepi dari 99% kecamatan indonesia) dan aktivitas ekonomi dan kelistrikan minim (cahaya malam lebih redup dari 94% kecamatan lain) — memengaruhi sekitar 0 jiwa penduduk kecamatan ini.,IDN.23.16.12_1,Jayapura,578,24331.0,86,0,6920,Model menyimpulkan populasi rendah adalah faktor paling berpengaruh menekan kecepatan di kecamatan ini.,Okaba,35608,48
Jita,Mimika,Papua,3681.0,Cukup,0.718409454071962,0.0,Akses jalan sangat minim (lebih sedikit dari 99% kecamatan lain) dan populasi sangat jarang (lebih sepi dari 99% kecamatan indonesia) — memengaruhi sekitar 0 jiwa penduduk kecamatan ini.,IDN.23.17.3_1,Jayapura,443,24331.0,85,206,7156,Model menyimpulkan aktivitas ekonomi minim adalah faktor paling berpengaruh menekan kecepatan di kecamatan ini.,Mimika Timur,27269,88
Karubaga,Tolikara,Papua,3682.386111111111,Cukup,0.7183970313980853,19060.90625,Medan pegunungan tinggi (lebih tinggi dari 98% kecamatan lain) dan akses jalan sangat minim (lebih sedikit dari 86% kecamatan lain) — memengaruhi sekitar 19.061 jiwa penduduk kecamatan ini.,IDN.23.26.15_1,Jayapura,278,24331.0,85,207,7157,Model menyimpulkan aktivitas ekonomi minim adalah faktor paling berpengaruh menekan kecepatan di kecamatan ini.,Wakuo,32872,7
Susua,Nias Selatan,Sumatera Utara,4085.75,Cukup,0.7147819835097001,2852.347900390625,Akses jalan sangat minim (lebih sedikit dari 96% kecamatan lain) dan populasi sangat jarang (lebih sepi dari 92% kecamatan indonesia) — memengaruhi sekitar 2.852 jiwa penduduk kecamatan ini.,IDN.32.18.16_1,Medan,327,24713.0,83,611,7561,Model menyimpulkan populasi rendah adalah faktor paling berpengaruh menekan kecepatan di kecamatan ini.,Mazo,32328,3
Kaureh,Jayapura,Papua,4246.62962962963,Cukup,0.7133401400988315,7211.65185546875,Populasi sangat jarang (lebih sepi dari 82% kecamatan indonesia) dan aktivitas ekonomi dan kelistrikan minim (cahaya malam lebih redup dari 76% kecamatan lain) — memengaruhi sekitar 7.212 jiwa penduduk kecamatan ini.,IDN.23.7.6_1,Jayapura,120,24331.0,83,772,7722,Model menyimpulkan aktivitas ekonomi minim adalah faktor paling berpengaruh menekan kecepatan di kecamatan ini.,Airu,29916,52
Sula Besi Barat,Kepulauan Sula,Maluku Utara,4411.175,Cukup,0.7118654434041435,18047.52734375,Aktivitas ekonomi dan kelistrikan minim (cahaya malam lebih redup dari 94% kecamatan lain) dan akses jalan sangat minim (lebih sedikit dari 92% kecamatan lain) — memengaruhi sekitar 18.048 jiwa penduduk kecamatan ini.,IDN.18.6.10_1,Manado,420,18587.0,76,936,7886,Model menyimpulkan aktivitas ekonomi minim adalah faktor paling berpengaruh menekan kecepatan di kecamatan ini.,Sula Besi Tengah,25151,12
Bokoneri,Tolikara,Papua,4507.5,Cukup,0.7110021547026985,0.0,Populasi sangat jarang (lebih sepi dari 99% kecamatan indonesia) dan akses jalan sangat minim (lebih sedikit dari 99% kecamatan lain) — memengaruhi sekitar 0 jiwa penduduk kecamatan ini.,IDN.23.26.4_1,Jayapura,262,24331.0,81,1032,7983,Model menyimpulkan populasi rendah adalah faktor paling berpengaruh menekan kecepatan di kecamatan ini.,Wunin,78152,7
Pasilambena,Kepulauan Selayar,Sulawesi Selatan,4591.668253968254,Cukup,0.7102478177946149,12370.171875,Aktivitas ekonomi dan kelistrikan minim (cahaya malam lebih redup dari 99% kecamatan lain) dan akses jalan sangat minim (lebih sedikit dari 88% kecamatan lain) — memengaruhi sekitar 12.370 jiwa penduduk kecamatan ini.,IDN.26.8.7_1,Makassar,360,25927.0,82,1117,8067,Model menyimpulkan aktivitas ekonomi minim adalah faktor paling berpengaruh menekan kecepatan di kecamatan ini.,Alok,25338,130
Batangkawa,Lamandau,Kalimantan Tengah,4597.8,Cukup,0.7101928635556392,5619.7021484375,Populasi sangat jarang (lebih sepi dari 86% kecamatan indonesia) dan aktivitas ekonomi dan kelistrikan minim (cahaya malam lebih redup dari 73% kecamatan lain) — memengaruhi sekitar 5.620 jiwa penduduk kecamatan ini.,IDN.14.9.1_1,Pontianak,274,20920.0,78,1123,8073,Model menyimpulkan populasi rendah adalah faktor paling berpengaruh menekan kecepatan di kecamatan ini.,Bulik,26533,58
Seruyan Hulu,Seruyan,Kalimantan Tengah,4680.9826530612245,Cukup,0.7094473598489797,13254.783203125,Aktivitas ekonomi dan kelistrikan minim (cahaya malam lebih redup dari 83% kecamatan lain) — memengaruhi sekitar 13.255 jiwa penduduk kecamatan ini.,IDN.14.13.4_1,Pontianak,307,20920.0,78,1206,8156,Model menyimpulkan aktivitas ekonomi minim adalah faktor paling berpengaruh menekan kecepatan di kecamatan ini.,Belimbing Hulu,27126,87
Mangoli Utara Timur,Kepulauan Sula,Maluku Utara,4692.823333333333,Cukup,0.7093412407158747,1129.89892578125,Akses jalan sangat minim (lebih sedikit dari 99% kecamatan lain) dan aktivitas ekonomi dan kelistrikan minim (cahaya malam lebih redup dari 96% kecamatan lain) — memengaruhi sekitar 1.130 jiwa penduduk kecamatan ini.,IDN.18.6.6_1,Manado,400,18587.0,75,1218,8168,Model menyimpulkan aktivitas ekonomi minim adalah faktor paling berpengaruh menekan kecepatan di kecamatan ini.,Mangoli Tengah,33773,40
Bomberay,Fakfak,Papua Barat,4724.498138528138,Cukup,0.7090573632028184,22220.060546875,Aktivitas ekonomi dan kelistrikan minim (cahaya malam lebih redup dari 88% kecamatan lain) — memengaruhi sekitar 22.220 jiwa penduduk kecamatan ini.,IDN.22.1.1_1,Jayapura,833,21453.0,78,1249,8200,Model menyimpulkan aktivitas ekonomi minim adalah faktor paling berpengaruh menekan kecepatan di kecamatan ini.,Karas,69835,60
Wapoga,Waropen,Papua,4854.954545454546,Cukup,0.7078881803102082,7213.61474609375,Aktivitas ekonomi dan kelistrikan minim (cahaya malam lebih redup dari 97% kecamatan lain) dan akses jalan sangat minim (lebih sedikit dari 95% kecamatan lain) — memengaruhi sekitar 7.214 jiwa penduduk kecamatan ini.,IDN.23.27.9_1,Jayapura,482,24331.0,80,1380,8330,Model menyimpulkan aktivitas ekonomi minim adalah faktor paling berpengaruh menekan kecepatan di kecamatan ini.,Makimi,39788,62
Malinau Selatan,Malinau,Kalimantan Utara,4974.511904761905,Cukup,0.7068166774037494,5039.20166015625,Populasi sangat jarang (lebih sepi dari 87% kecamatan indonesia) dan aktivitas ekonomi dan kelistrikan minim (cahaya malam lebih redup dari 78% kecamatan lain) — memengaruhi sekitar 5.039 jiwa penduduk kecamatan ini.,IDN.35.8.7,Balikpapan,475,17520.0,72,1499,8450,Model menyimpulkan aktivitas ekonomi minim adalah faktor paling berpengaruh menekan kecepatan di kecamatan ini.,Mentarang,28164,39
Sugapa,Intan Jaya,Papua,5017.969999999999,Cukup,0.7064271951031486,9241.41796875,Medan pegunungan tinggi (lebih tinggi dari 99% kecamatan lain) dan aktivitas ekonomi dan kelistrikan minim (cahaya malam lebih redup dari 84% kecamatan lain) — memengaruhi sekitar 9.241 jiwa penduduk kecamatan ini.,IDN.23.6.5_1,Jayapura,433,24331.0,79,1543,8493,Model menyimpulkan aktivitas ekonomi minim adalah faktor paling berpengaruh menekan kecepatan di kecamatan ini.,Beoga,55427,31
Morotai Jaya,Pulau Morotai,Maluku Utara,5212.752314814815,Cukup,0.7046815073624694,13065.099609375,Aktivitas ekonomi dan kelistrikan minim (cahaya malam lebih redup dari 94% kecamatan lain) dan akses jalan sangat minim (lebih sedikit dari 71% kecamatan lain) — memengaruhi sekitar 13.065 jiwa penduduk kecamatan ini.,IDN.18.7.1_1,Manado,420,18587.0,72,1738,8688,Model menyimpulkan aktivitas ekonomi minim adalah faktor paling berpengaruh menekan kecepatan di kecamatan ini.,Morotai Timur,28978,35
Damau,Kepulauan Talaud,Sulawesi Utara,5236.6625,Cukup,0.7044672183126918,4446.87255859375,Akses jalan sangat minim (lebih sedikit dari 95% kecamatan lain) dan populasi sangat jarang (lebih sepi dari 88% kecamatan indonesia) — memengaruhi sekitar 4.447 jiwa penduduk kecamatan ini.,IDN.29.7.4_1,Manado,336,24616.0,79,1762,8712,Model menyimpulkan aktivitas ekonomi minim adalah faktor paling berpengaruh menekan kecepatan di kecamatan ini.,Pulutan,25916,38
Sawa Erma,Asmat,Papua,5393.255555555556,Cukup,0.7030637922489921,18139.8359375,Akses jalan sangat minim (lebih sedikit dari 86% kecamatan lain) dan aktivitas ekonomi dan kelistrikan minim (cahaya malam lebih redup dari 86% kecamatan lain) — memengaruhi sekitar 18.140 jiwa penduduk kecamatan ini.,IDN.23.1.6_1,Jayapura,401,24331.0,78,1918,8868,Model menyimpulkan aktivitas ekonomi minim adalah faktor paling berpengaruh menekan kecepatan di kecamatan ini.,Mapenduma,63972,69
Tanah Pinoh Barat,Melawi,Kalimantan Barat,5509.926890756303,Cukup,0.7020181546111898,9971.8701171875,Populasi sangat jarang (lebih sepi dari 75% kecamatan indonesia) dan aktivitas ekonomi dan kelistrikan minim (cahaya malam lebih redup dari 75% kecamatan lain) — memengaruhi sekitar 9.972 jiwa penduduk kecamatan ini.,IDN.12.8.10_1,Pontianak,240,22788.0,76,2035,8985,Model menyimpulkan aktivitas ekonomi minim adalah faktor paling berpengaruh menekan kecepatan di kecamatan ini.,Belimbing Hulu,27126,36
Tambelan,Bintan,Kepulauan Riau,5580.997619047619,Cukup,0.7013812009985517,32512.76171875,Aktivitas ekonomi dan kelistrikan minim (cahaya malam lebih redup dari 100% kecamatan lain) dan akses jalan sangat minim (lebih sedikit dari 99% kecamatan lain) — memengaruhi sekitar 32.513 jiwa penduduk kecamatan ini.,IDN.16.2.7_1,Pontianak,236,24961.0,78,2106,9056,Model menyimpulkan aktivitas ekonomi minim adalah faktor paling berpengaruh menekan kecepatan di kecamatan ini.,Sungai Raya Kepulauan,28236,165
